Chart Repository,Repository Name,Chart Name,Chart Version
https://chartmuseum.iomete.com,iomete,iomete-data-plane-enterprise,1.7.1
https://chartmuseum.iomete.com,iomete,enterprise-gateway,3.3.0
https://chartmuseum.iomete.com,iomete,iomete-istio-resources,0.1.6
https://chartmuseum.iomete.com,iomete,keycloak,18.4.3
https://chartmuseum.iomete.com,iomete,iomete-lakehouse-service-account,1.7.0
https://chartmuseum.iomete.com,iomete,hive-metastore,3.2.0
https://chartmuseum.iomete.com,iomete,opal,1.1.0
https://chartmuseum.iomete.com,iomete,ranger,2.5.4
https://chartmuseum.iomete.com,iomete,spark-history-service,4.1.0
https://chartmuseum.iomete.com,iomete,spark-operator,1.1.5
https://chartmuseum.iomete.com,iomete,lakehouse,1.4.2
https://chartmuseum.iomete.com,iomete,typesense,1.0.2
https://chartmuseum.iomete.com,iomete,presidio,2.0.1
,,,
,,,
,,,
https://fluxcd-community.github.io/helm-charts,fluxcd-community,flux2,2.10.0
,,,
https://istio-release.storage.googleapis.com/charts,istio,base,1.17.2
https://istio-release.storage.googleapis.com/charts,istio,gateway,1.17.2
https://istio-release.storage.googleapis.com/charts,istio,istiod,1.17.2
,,,
,,,
https://charts.bitnami.com/bitnami,bitnami,postgresql,13.4.3